taxon_names,standardised_names,genus,stripped_names,stripped_names_extra
Mesua sp. Boonjee,Mesua sp. Boonjee,Mesua,mesua sp boonjee,mesua boonjee
x Cynochloris macivorii,X Cynochloris macivorii,x Cynochloris,x cynochloris macivorii,x cynochloris macivorii
X Cynochloris macivorii,X Cynochloris macivorii,x Cynochloris,x cynochloris macivorii,x cynochloris macivorii
Omalanthus nitens*,Omalanthus nitensx,Omalanthus,omalanthus nitensx,omalanthus nitensx
CALYTRIX ALPESTRIS,CALYTRIX ALPESTRIS,Calytrix,calytrix alpestris,calytrix alpestris
calytrix ALPESTRIS,Calytrix ALPESTRIS,Calytrix,calytrix alpestris,calytrix alpestris
Centaurea × moncktonii,Centaurea x moncktonii,Centaurea,centaurea x moncktonii,centaurea moncktonii
Centaurea x moncktonii,Centaurea x moncktonii,Centaurea,centaurea x moncktonii,centaurea moncktonii
(Dockrillia pugioniformis x Dockrillia striolata) x Dockrillia pugioniformis,(Dockrillia pugioniformis x Dockrillia striolata) x Dockrillia pugioniformis,(Dockrillia,dockrillia pugioniformis x dockrillia striolata x dockrillia pugioniformis,dockrillia pugioniformis dockrillia striolata dockrillia pugioniformis
Thelymitra x irregularis,Thelymitra x irregularis,Thelymitra,thelymitra x irregularis,thelymitra irregularis
Thelymitra X irregularis,Thelymitra X irregularis,Thelymitra,thelymitra x irregularis,thelymitra x irregularis
thelymitra X irregularis,Thelymitra X irregularis,Thelymitra,thelymitra x irregularis,thelymitra x irregularis
Viola hederacea sensu Willis (1972),Viola hederacea sensu Willis (1972),Viola,viola hederacea sensu willis 1972,viola hederacea sensu willis 1972
Cryptandra/Mirbelia sp.,Cryptandra/Mirbelia sp.,Cryptandra/mirbelia,cryptandra mirbelia sp,cryptandra mirbelia sp
Cryptandra∕Mirbelia sp.,Cryptandra/Mirbelia sp.,Cryptandra/mirbelia,cryptandra mirbelia sp,cryptandra mirbelia sp
?Xanthorrhoea macronema,?Xanthorrhoea macronema,?Xanthorrhoea,xanthorrhoea macronema,xanthorrhoea macronema
Pinus contorta var. latifolia,Pinus contorta var. latifolia,Pinus,pinus contorta latifolia,pinus contorta latifolia
Pinus contorta v latifolia,Pinus contorta var. latifolia,Pinus,pinus contorta latifolia,pinus contorta latifolia
Macrozamia preissii affinis dyeri,Macrozamia preissii aff. dyeri,Macrozamia,macrozamia preissii aff dyeri,macrozamia preissii aff dyeri
Macrozamia preissii affinis,Macrozamia preissii affinis,Macrozamia,macrozamia preissii affinis,macrozamia preissii affinis
Macrozamia preissii aff dyeri,Macrozamia preissii aff. dyeri,Macrozamia,macrozamia preissii aff dyeri,macrozamia preissii aff dyeri
Macrozamia preissii aff,Macrozamia preissii aff.,Macrozamia,macrozamia preissii aff,macrozamia preissii aff
Macrozamia preissii affin dyeri,Macrozamia preissii aff. dyeri,Macrozamia,macrozamia preissii aff dyeri,macrozamia preissii aff dyeri
Macrozamia preissii affin,Macrozamia preissii aff.,Macrozamia,macrozamia preissii aff,macrozamia preissii aff
Macrozamia preissii subsp. dyeri,Macrozamia preissii subsp. dyeri,Macrozamia,macrozamia preissii dyeri,macrozamia preissii dyeri
Macrozamia preissii ssp. dyeri,Macrozamia preissii subsp. dyeri,Macrozamia,macrozamia preissii dyeri,macrozamia preissii dyeri
Macrozamia preissii ssp dyeri,Macrozamia preissii subsp. dyeri,Macrozamia,macrozamia preissii dyeri,macrozamia preissii dyeri
Macrozamia preissii ss,Macrozamia preissii,Macrozamia,macrozamia preissii,macrozamia preissii
Macrozamia preissii sl,Macrozamia preissii,Macrozamia,macrozamia preissii,macrozamia preissii
Macrozamia preissii sensu stricto,Macrozamia preissii,Macrozamia,macrozamia preissii,macrozamia preissii
Macrozamia preissii sensu lato,Macrozamia preissii,Macrozamia,macrozamia preissii,macrozamia preissii
Macrozamia preissii ssensu lato,Macrozamia preissii ssensu lato,Macrozamia,macrozamia preissii ssensu lato,macrozamia preissii ssensu lato
Psychotria daphnoides f. 'small-leaved',Psychotria daphnoides f. 'small-leaved',Psychotria,psychotria daphnoides small leaved,psychotria daphnoides small leaved
Psychotria daphnoides forma 'small-leaved',Psychotria daphnoides f. 'small-leaved',Psychotria,psychotria daphnoides small leaved,psychotria daphnoides small leaved
Psychotria daphnoides form 'small-leaved',Psychotria daphnoides f. 'small-leaved',Psychotria,psychotria daphnoides small leaved,psychotria daphnoides small leaved
Psydrax odorata f. buxifolia,Psydrax odorata f. buxifolia,Psydrax,psydrax odorata buxifolia,psydrax odorata buxifolia
Billardiera ser. Parviflorae,Billardiera ser. Parviflorae,Billardiera,billardiera parviflorae,billardiera parviflorae
Billardiera series Parviflorae,Billardiera series Parviflorae,Billardiera,billardiera series parviflorae,billardiera series parviflorae
Hydrocotyle hirta var. pedicellosa,Hydrocotyle hirta var. pedicellosa,Hydrocotyle,hydrocotyle hirta pedicellosa,hydrocotyle hirta pedicellosa
Pterocaulon ciliosum x Pterocaulon serrulatum var. serrulatum,Pterocaulon ciliosum x Pterocaulon serrulatum var. serrulatum,Pterocaulon,pterocaulon ciliosum x pterocaulon serrulatum serrulatum,pterocaulon ciliosum pterocaulon serrulatum serrulatum
Tecticornia sp. Little Sandy Desert (K.A.Shepherd & C.Wilkins KS 830),Tecticornia sp. Little Sandy Desert (K.A.Shepherd & C.Wilkins KS 830),Tecticornia,tecticornia sp little sandy desert kashepherd cwilkins ks 830,tecticornia little sandy desert kashepherd cwilkins ks 830
Pterostylis sp. Bloated snail orchid (W.Jackson BJ486),Pterostylis sp. Bloated snail orchid (W.Jackson BJ486),Pterostylis,pterostylis sp bloated snail orchid wjackson bj486,pterostylis bloated snail orchid wjackson bj486
Omalanthus nitens,Omalanthus nitens,Omalanthus,omalanthus nitens,omalanthus nitens
Calytrix ALPESTRIS,Calytrix ALPESTRIS,Calytrix,calytrix alpestris,calytrix alpestris
Macrozamia preissii aff. dyeri,Macrozamia preissii aff. dyeri,Macrozamia,macrozamia preissii aff dyeri,macrozamia preissii aff dyeri
Macrozamia preissii aff.,Macrozamia preissii aff.,Macrozamia,macrozamia preissii aff,macrozamia preissii aff
Macrozamia preissii,Macrozamia preissii,Macrozamia,macrozamia preissii,macrozamia preissii
NA,NA,NA,NA,NA
